name,address,city,state,website,careers_url,tags,lat,lng
Call The Ninja Computer Repair,879 West 190th Street,Los Angeles,CA,https://calltheninja.com/,,it,33.860114,-118.289230
Telenav,10549 Jefferson Boulevard Culver City 90232,Culver City,CA,,,company,34.007050,-118.393217
Connectionz Computer Repair,2379 Garfias Drive Pasadena 91104,Pasadena,CA,www.connectionzpcrepair.com,,it,34.171480,-118.101989
"Prolecto Resources, Inc.",269 South Beverly Drive Beverly Hills 90212,Beverly Hills,CA,https://www.prolecto.com/,https://www.prolecto.com/careers-with-prolecto-resources,it,34.062491,-118.399350
Glitterati Tours,8029 Norton Avenue West Hollywood CA 90046,West Hollywood,CA,https://glitteratitours.com/,,company,34.091989,-118.365504
Abacus Translation Services,401 North Garfield Avenue Alhambra CA 91801,Alhambra,CA,https://www.certifiedchinesetranslation.com/,https://www.certifiedchinesetranslation.com/Chinese-translation-jobs.html,company,34.099227,-118.129989
Bakers Man Productions,999 North Pacific Coast Highway El Segundo 90245,El Segundo,CA,http://www.bakersman.com,,company,33.930371,-118.396798
Motion Picture Association of America,15503 Ventura Boulevard Sherman Oaks 91403,Sherman Oaks,CA,https://www.mpaa.org/,,company,34.155286,-118.472477
macLifestyle,333 Washington Boulevard Marina Del Rey 90292,Marina Del Rey,CA,https://maclifestyle.com/,https://www.apple.com/stevejobs,it,33.980921,-118.463930
cmyk signs,4466 Worth Street Los Angeles CA 90063,Los Angeles,CA,http://cmyksigns.com/,,company,34.061292,-118.187753
Santa Monica Flyers,3165 Donald Douglas Loop North Santa Monica CA 90405,Santa Monica,CA,https://www.santamonicaflyers.com/,https://santamonicaflyers.com/careers-at-santa-monica-flyers/,company,34.016870,-118.447754
ICANN,,Los Angeles,CA,,,company,33.982918,-118.404821
Parkside Research,,Los Angeles,CA,,,company,33.982656,-118.405498
belkin,,Los Angeles,CA,,,company,33.982433,-118.406157
Square Enix,,Los Angeles,CA,,,company,33.930503,-118.396592
"Lotus Blooming Herbs, LLC",1132 1/2 N Gower St Los Angeles 90038,Los Angeles,CA,https://www.authenticshilajit.com/,,company,34.091688,-118.321976
Cushman & Wakefield,,Los Angeles,CA,,,company,33.807464,-118.145495
MarketShare,11150 Santa Monica Boulevard Los Angeles CA 90025,Los Angeles,CA,http://www.marketshare.com/,,company,34.046866,-118.445269
Old Firehouse Recording Studio,,Los Angeles,CA,http://www.firehouserecordingstudios.com/,,company,34.143773,-118.151232
"Supplyframe, Inc.",,Los Angeles,CA,https://supplyframe.com/,https://supplyframe.com/careers,it,34.143762,-118.151503
Xprize Foundation,,Los Angeles,CA,,,company,33.988444,-118.387612
Thomson Reuters,,Los Angeles,CA,,,company,33.988299,-118.387948
Mangan Inc.,3901 Via Oro Avenue Long Beach CA 90810,Long Beach,CA,https://www.manganinc.com/,https://manganinc.com/careers/,company,33.830384,-118.213230
Stress Level Zero,2458 Hunter Street,Los Angeles,CA,https://stresslevelzero.com/,https://store.steampowered.com/app/1592190/BONELAB/,company,34.027523,-118.227763
Corridor Digital,2458 Hunter Street,Los Angeles,CA,https://www.corridordigital.com/,,company,34.027523,-118.227664
$300 Data Recovery,11390 Ventura Boulevard Studio City CA 91604,Studio City,CA,https://www.300dollardatarecovery.com/,,company,34.139628,-118.378666
Twentieth Century Fox Film Corporation,2121 Avenue of the Stars Los Angeles CA 90067,Los Angeles,CA,https://www.foxmovies.com/,,company,34.055066,-118.413444
Arup,12777 West Jefferson Boulevard Los Angeles,Los Angeles,CA,,,company,33.978257,-118.418154
Toms Shoes,,Los Angeles,CA,,,company,33.982090,-118.416306
Edlio Inc.,12910 Culver Boulevard Los Angeles CA 90066,Los Angeles,CA,https://edlio.com/,https://recruiting.paylocity.com/recruiting/jobs/All/69f44fb2-1a57-4506-9b55-579f368d0272/Edlio-LLC,company,33.982157,-118.426821
The Graphic Element,321 12th Street Manhattan Beach CA 90266,Manhattan Beach,CA,https://www.thegraphicelement.com/,https://www.thegraphicelement.com/team/,company,33.886171,-118.409312
workspeed.com,,Los Angeles,CA,,,company,34.083501,-118.352719
Viking River Cruises,,Los Angeles,CA,,,company,34.173919,-118.596919
ChowNow,1,Los Angeles,CA,https://www.chownow.com/,,company,33.978385,-118.405940
Intuit,,Los Angeles,CA,,,it,34.173803,-118.593094
Medtronic,,Los Angeles,CA,,,company,34.174402,-118.593997
OpenX,,Los Angeles,CA,http://openx.com/locations/,,it,34.149418,-118.133064
Europa Ceramica USA,,Los Angeles,CA,http://www.asperix.com,,company,34.129971,-118.257608
California Metals,,Los Angeles,CA,,,company,33.948977,-118.178438
Advanced Builders & Contractors,19528 Ventura Blvd #120 Tarzana CA 91356,Tarzana,CA,https://www.abclosangeles.com/,,company,34.172310,-118.558851
LPI-LLC - Light Prescriptions Innovators,2400 Lincoln Avenue Altadena CA 91001,Altadena,CA,https://www.lpi-llc.com/,,company,34.186538,-118.159045
"LaV1, Inc.",6230 Wilshire Boulevard Los Angeles CA 90048,Los Angeles,CA,,,company,34.062857,-118.364658
Shred Nations,2201 N Lakewood Blvd Long Beach CA 90815,Long Beach,CA,https://www.shrednations.com/long-beach/,https://www.shrednations.com/about/team/,company,33.796235,-118.143050
Shred Nations,2309 Santa Monica Boulevard Santa Monica CA 90404,Santa Monica,CA,https://www.shrednations.com/santa-monica,https://www.shrednations.com/about/team/,company|Shred Nations,34.031028,-118.477436
UCLA Opus Project,10920 Wilshire Boulevard Los Angeles CA 90025,Los Angeles,CA,https://opus.ucla.edu/,,it,34.057982,-118.444619
Record Nations,6501 Sunset Blvd Los Angeles CA 90028,Los Angeles,CA,https://www.recordnations.com/featured/los-angeles/,https://www.recordnations.com/about/team/,company,34.098153,-118.331272
AMPM Appliance Repair,14241 Ventura Boulevard Sherman Oaks CA 91423,Sherman Oaks,CA,http://www.ampmappliancerepair.com/,,company,34.147461,-118.426757
HealthFit Personal Trainer,145 Vista Avenue Pasadena CA 91107,Pasadena,CA,http://personaltrainerspasadena.com,,company,34.148956,-118.101642
Advanced Planning Solutions,225 Avenue I Redondo Beach CA 90277,Redondo Beach,CA,https://www.apsadvisor.com/,https://www.apsadvisor.com/about-us,company,33.819414,-118.386401
Professional Training Group,6918 Owensmouth Ave Canoga Park CA 91303,Canoga Park,CA,https://pt-group.net/,,company,34.196156,-118.601225
AA Best Garage Doors,2350 Sepulveda Blvd Torrance CA 90501,Torrance,CA,http://aa-bestgaragedoors.com,,company,33.820658,-118.324350
Bain & Company,1901 Avenue of the Stars Los Angeles CA 90067,Los Angeles,CA,http://www.bain.com/offices/losangeles/en_us/index.aspx,http://www.bain.com/careers/work-with-us/integrated-teams/,company,34.059529,-118.417618
Advanced Builders & Contractors,10880 Wilshire Boulevard Los Angeles CA 90024,Los Angeles,CA,https://www.abclosangeles.com/,,company,34.058717,-118.442701
iconmobile,820 Broadway Santa Monica CA 90401,Santa Monica,CA,http://iconmobile.com,,company,34.018497,-118.488865
Live Nation,,Los Angeles,CA,,,company,34.074192,-118.398994
United Talent Agency,9336 Civic Center Drive Beverly Hills CA 90210,Beverly Hills,CA,,,company,34.074747,-118.397783
Platinum Equity,,Los Angeles,CA,,,company,34.071518,-118.399185
Paradigm Talent Agency,,Los Angeles,CA,,,company,34.071715,-118.399758
Shire,,Los Angeles,CA,,,company,34.147422,-118.271546
Shire,4501 Colorado Boulevard,Los Angeles,CA,,,company,34.142413,-118.271256
Shire,4501 Colorado Boulevard,Los Angeles,CA,,,company,34.142393,-118.271150
Olympic Home Remodeling,6038 Tampa Avenue Tarzana CA 91356,Tarzana,CA,http://olympiclosangelesrestoration.com/,,company,34.174461,-118.553285
Mosaic,9200 West Sunset Boulevard West Hollywood CA 90069,West Hollywood,CA,,,company,34.089870,-118.392726
Platinum Financial Management,9200 West Sunset Boulevard West Hollywood CA 90069,West Hollywood,CA,,,company,34.089950,-118.392586
Sofa Entertainment,9121 West Sunset Boulevard West Hollywood CA 90069,West Hollywood,CA,,,company,34.090773,-118.390564
JLA Talent,9151 West Sunset Boulevard West Hollywood CA 90069,West Hollywood,CA,http://www.jlatalent.com,,company,34.090764,-118.391250
Xhail,8921 West Sunset Boulevard West Hollywood CA 90069,West Hollywood,CA,https://www.xhail.com,,company,34.090807,-118.386229
Tinder,8833 West Sunset Boulevard West Hollywood CA 90069,West Hollywood,CA,https://www.gotinder.com,,company,34.090846,-118.384297
IAC,8833 West Sunset Boulevard West Hollywood CA 90069,West Hollywood,CA,http://iac.com,http://iac.com/join-team,company,34.090921,-118.384174
IAC,8800 West Sunset Boulevard West Hollywood CA 90069,West Hollywood,CA,http://iac.com,http://iac.com/join-team,company,34.090351,-118.383297
Milton Bradley Scott,8721 West Sunset Boulevard West Hollywood CA 90069,West Hollywood,CA,,,company,34.091845,-118.381330
Benchmark Resolution Group,633 West 5th Street Los Angeles CA 90071,Los Angeles,CA,http://benchmarkresolution.com/,,company,34.051051,-118.254413
"Smart Recycling, Inc.",414 West C Street Wilmington CA 90744,Wilmington,CA,https://smartrecycling.com/,,company,33.772242,-118.266328
Stein Entertainment,8285 West Sunset Boulevard West Hollywood CA 90069,West Hollywood,CA,https://www.steinentertainment.com/,,company,34.097054,-118.369888
Roaming Hunger,8228 West Sunset Boulevard Hollywood CA 90046,Hollywood,CA,https://roaminghunger.com,,company,34.097448,-118.368476
Miscellaneous Entertainment,8212 West Sunset Boulevard Hollywood CA 90046,Hollywood,CA,http://www.miscent.com,,company,34.097776,-118.367992
EJM Development Co.,9061 Santa Monica Boulevard West Hollywood CA 90069,West Hollywood,CA,https://www.ejmdevelopment.com/,,company,34.081929,-118.388872
NetJets,,Los Angeles,CA,,,company,34.067262,-118.396518
New Pacific,,Los Angeles,CA,,,company,34.067266,-118.397323
Zions Security Alarms - ADT Authorized Dealer,2219 Main Street Santa Monica CA 90405,Santa Monica,CA,https://zionssecurity.com/ca/adt-santa-monica/,https://zionssecurity.com/careers/,company,34.005182,-118.484657
"Be Structured Technology Group, Inc.",500 South Grand Avenue Los Angeles CA 90071,Los Angeles,CA,https://bestructured.com,https://bestructured.com/it-careers-los-angeles/,it,34.049862,-118.253895
California Waterscapes,8309 Tujunga Avenue Sun Valley CA 91352,Sun Valley,CA,https://www.californiawaterscapes.com/,https://californiawaterscapes.com/apply-for-field-position/,company,34.224533,-118.380025
WestEnd Software,400 Continental Boulevard El Segundo CA 90245,El Segundo,CA,https://www.westendsoftware.com,,company,33.920651,-118.390002
Los Angeles Trucking Company,1809 South Manhattan Place Los Angeles CA 90019,Los Angeles,CA,https://www.ustruckingcompany.com/los-angeles-trucking-company,,company,34.041441,-118.310557
Westside Property Management Inc.,2116 Wilshire Boulevard Santa Monica CA 90403,Santa Monica,CA,https://www.westsidepropertymanagement.com/,https://www.westsidepropertymanagement.com/westside-property-management-santa-monica-los-angeles/jobopportunities/,company,34.032079,-118.482032
HealthCare Partners,,Los Angeles,CA,,,company,33.808238,-118.135890
Advanced Medical Management,,Los Angeles,CA,,,company,33.807153,-118.134529
ChildNet,,Los Angeles,CA,,,company,33.782878,-118.133439
Roux Associates,,Los Angeles,CA,,,company,33.782873,-118.133644
Frontier Communications,,Los Angeles,CA,,,company,33.787363,-118.134425
AlphaStar,,Los Angeles,CA,,,company,33.783023,-118.133658
Apartment Owners Association of California,,Los Angeles,CA,,,company,33.782733,-118.138921
Solar Source,,Los Angeles,CA,,,company,33.782741,-118.137067
Kai Connect,,Los Angeles,CA,,,company,33.782735,-118.136946
Transport Solutions LLC,,Los Angeles,CA,,,company,33.782739,-118.137003
American Carpet Cleaning,,Los Angeles,CA,,,company,33.761541,-118.138244
Gazette Newspapers,,Los Angeles,CA,,,company,33.760202,-118.134357
Storyteller Pictures,,Los Angeles,CA,,,company,33.759325,-118.132289
Bixby Ranch Company,,Los Angeles,CA,,,company,33.760497,-118.108058
Maya,,Los Angeles,CA,,,company,33.763737,-118.165581
US HealthWorks,,Los Angeles,CA,,,company,33.766827,-118.198994
International City Escrow,,Los Angeles,CA,,,company,33.809815,-118.135263
Leasing Office,,Los Angeles,CA,,,company,33.792060,-118.136773
HamiltonPacific,,Los Angeles,CA,,,company,33.788819,-118.141299
FreeConferenceCall.com,,Los Angeles,CA,,,company,33.788922,-118.142100
Public Storage,,Los Angeles,CA,,,company,33.788936,-118.142564
Vega Tax,,Los Angeles,CA,,,company,33.782486,-118.158503
ChildNet,,Los Angeles,CA,,,company,33.782790,-118.143177
Republic Master Chefs,,Los Angeles,CA,,,company,33.782909,-118.155790
Brasica Builders,,Los Angeles,CA,,,company,33.782728,-118.158800
Sani-Tec,,Los Angeles,CA,,,company,33.782722,-118.145220
UPS,,Los Angeles,CA,,,company,33.812129,-118.139922
Home Instead Senior Care,,Los Angeles,CA,,,company,34.152202,-118.342686
ITP Strategic,,Los Angeles,CA,,,company,33.858842,-118.313191
Contractors School,,Los Angeles,CA,,,company,34.142408,-118.225906
Pacific Carpet Care,6031 Babbitt Avenue Encino CA 91316,Encino,CA,https://www.pacificcarpetcare.com/,,company,34.179876,-118.509623
Servpro of Woodland Hills,21250 Califa Street Woodland Hills CA 91367,Woodland Hills,CA,https://www.servprowoodlandhills.com/,https://www.servprowoodlandhills.com/locations/ca/servpro-of-woodland-hills/careers,company,34.176664,-118.593433
Servpro of Tarzana/Reseda,21250 Califa Street Woodland Hills CA 91367,Woodland Hills,CA,https://www.servprotarzanareseda.com/,https://www.servprotarzanareseda.com/locations/ca/servpro-of-tarzana-reseda/careers,company,34.176414,-118.593417
Mellisa Nielsen Los Angeles,10960 Wilshire Boulevard Los Angeles CA 90024,Los Angeles,CA,http://mellisanielsen.com/,,company,34.057919,-118.446129
Crescenta Valley Chamber of Commerce,,Los Angeles,CA,,,company,34.229273,-118.247485
XiQ,8285 Santa Monica Boulevard West Hollywood CA 90046,West Hollywood,CA,,,company,34.090883,-118.369937
ServiceTitan,91203,Los Angeles,CA,https://www.servicetitan.com/,https://www.servicetitan.com/careers,company,34.158150,-118.255675
BCG Digital Ventures,1240 West Rosecrans Avenue Los Angeles CA 90266,Los Angeles,CA,https://www.bcg.com/offices/digital-ventures-manhattan-beach.aspx,,company,33.900967,-118.392623
Silent Partners Studio,700 South Flower Street 91502,Los Angeles,CA,,,company,34.173273,-118.305319
Saar Shani Towing,6531 Kessler Avenue Woodland Hills CA 91367,Woodland Hills,CA,https://www.saarshanitowing.com,,company,34.189372,-118.567365
Supplyframe,,Los Angeles,CA,https://supplyframe.com/,https://supplyframe.com/careers,company,34.144711,-118.150853
USU Computer Lab,,Los Angeles,CA,,,it,34.239651,-118.525655
McKinsey & Company,2000 Avenue of the Stars Los Angeles CA 90067,Los Angeles,CA,https://www.mckinsey.com/west-coast/southern-california,,company,34.058285,-118.414786
MC Productions IaniWorld,,Los Angeles,CA,https://ianiworld.com,,it,33.841520,-118.287574
JS Concrete,17033 Elgar Avenue Torrance CA 90504,Torrance,CA,http://jsconcretesocal.com,,company,33.875566,-118.328765
Smooth Move Consultancy Ltd.,11812 Willowbrook Avenue Los Angeles,Los Angeles,CA,https://www.tripindicator.com/,,it,33.925582,-118.235832
CXC Simulations,3160 West El Segundo Boulevard Hawthorne CA 90250,Hawthorne,CA,https://www.cxcsimulations.com/,https://www.cxcsimulations.com/careers/,company,33.916030,-118.328465
"GeBBS Healthcare Solutions, Inc",600 Corporate Pointe Culver City CA 90230,Culver City,CA,,,company,33.988496,-118.386138
Scoot.education,3839 Main Street,Los Angeles,CA,https://www.scoot.education,https://scoot.education/browse-jobs/,company,34.024554,-118.394698
"Wisdom Industrial Power Co.,Ltd",1152 Nadeau Street Los Angeles CA 90001,Los Angeles,CA,,,company,33.967342,-118.255188
Cetera Labs,418 Bamboo Lane Los Angeles CA 90012,Los Angeles,CA,https://ceteralabs.com/contacts/la/,,company,34.066015,-118.237466
ReaniMac,1653 North La Brea Avenue Los Angeles CA 90028,Los Angeles,CA,https://www.reanimac.com,https://www.reanimac.com/about-us/,it|Apple,34.101326,-118.345544
Vox Space,840 Apollo Street El Segundo CA 90245,El Segundo,CA,,,company,33.903501,-118.386148
ISE Inc,11926,Los Angeles,CA,,,company,33.924825,-118.369717
BioSmart UVC,,Los Angeles,CA,https://biosmartuvcsocal.com/,,company,34.013677,-118.408661
Aerojet Rocketdyne,222 Pacific Coast Highway El Segundo CA 90245,El Segundo,CA,,,company,33.919121,-118.395465
Maxar,1250 Lincoln Avenue Pasadena CA 91103,Pasadena,CA,https://www.maxar.com,https://www.maxar.com/careers/,company,34.168067,-118.158597
NFL.com,,Los Angeles,CA,,,company,34.012566,-118.409677
Google,,Los Angeles,CA,,,company,33.977092,-118.409213
ABL Space Systems,224 Oregon Street El Segundo CA 90245,El Segundo,CA,https://ablspacesystems.com,https://ablspacesystems.com/careers/,company,33.918476,-118.402365
Jam City,,Los Angeles,CA,,,company,34.026182,-118.377398
See's Candies General Office,,Los Angeles,CA,,,company,34.025649,-118.372378
SM Entertainment USA Inc.,3731 Wilshire Boulevard Los Angeles CA 90010,Los Angeles,CA,https://www.smentertainment.com/,https://recruit.smentertainment.com/,company,34.062422,-118.307609
Live Nation,,Los Angeles,CA,,,company,34.073278,-118.394011
Launcher,12624 Daphne Avenue Hawthorne CA 90250,Hawthorne,CA,https://launcherspace.com,,company,33.917535,-118.319467
Avante Technologies,,Los Angeles,CA,,,it,34.033632,-118.380138
24webstudio,1901 Avenue of the Stars Los Angeles CA 90067,Los Angeles,CA,https://www.24webstudio.com/,,it,34.059530,-118.417689
Old Bull Lee,,Los Angeles,CA,https://www.oldbullshorts.com/,,company,33.886456,-118.396329
GoodSuite,,Los Angeles,CA,,,it,34.179600,-118.593366
Pair of Thieves,,Los Angeles,CA,,,company,34.033729,-118.371932
The Wonderful Company,,Los Angeles,CA,,,company,34.036310,-118.443540
Yahoo!,,Los Angeles,CA,,,company,33.982441,-118.402404
XR Studios,6700 Santa Monica Boulevard,Los Angeles,CA,,,company,34.090412,-118.336879
International Trading Company,18150 South Figueroa Street Gardena CA 90248,Gardena,CA,,,company,33.865706,-118.281165
MagicLinks,351 Vernon Avenue Venice CA 90291,Venice,CA,,,it,33.995233,-118.473306
"Abrams Valuation Group, Inc.",5540 Alcove Avenue Valley Village CA 91607,Valley Village,CA,https://abramsvaluation.com,,company,34.171515,-118.412966
MeUndies,,Los Angeles,CA,,,company,34.019359,-118.378027
Moose Toys,,Los Angeles,CA,https://www.moosetoys.com/,https://moosetoys.taleo.net/careersection/1_xxa_external_career_portal/jobsearch.ftl?lang=en,company,33.925836,-118.386189
Futurola USA,7190 West Sunset Boulevard Los Angeles CA 90046,Los Angeles,CA,https://futurola.com/,,company,34.097829,-118.346801
"Sanrio, Inc.",2050 West 190th Street Torrance CA 90504,Torrance,CA,https://www.sanrio.com/,https://www.sanrio.com/pages/business-opportunities,company,33.857986,-118.314890
Planet Express Shipping,Van Ness Avenue Gardena 90248,Gardena,CA,https://planetexpress.com/,,company,33.849511,-118.317027
Kite,,Los Angeles,CA,,,company,34.028487,-118.465475
XYZ,,Los Angeles,CA,,,company,34.029314,-118.465427
Epam,11601 Wilshire Boulevard Los Angeles CA 90025,Los Angeles,CA,https://www.epam.com/,,it,34.050914,-118.459871
Luxoft,5777 West Century Boulevard Los Angeles CA 90045,Los Angeles,CA,https://www.luxoft.com,https://career.luxoft.com/,it,33.946339,-118.382414
Security Guard Solutions,20501 Ventura Boulevard Woodland Hills CA 91364,Woodland Hills,CA,https://securitysolutionsnow.com/,https://securityguardsolutionsinc.com/hiring/,company,34.168219,-118.580213
Home Instead Senior Care,,Los Angeles,CA,https://www.homeinstead.com/location/275,https://www.homeinstead.com/home-care/usa/ca/long-beach/275/home-care-jobs,company,33.788179,-118.123873
Western Studio Service,9175 San Fernando Road 91352,Los Angeles,CA,https://westernstudioservice.com/,,company,34.235534,-118.390981
Superfilms!,1836 Hyperion Avenue 90027,Los Angeles,CA,,,company,34.096797,-118.275676
Casetta,1822 Hyperion Avenue 90027,Los Angeles,CA,,,company,34.096368,-118.275920
Hillcrest Security,3920 Fountain Avenue 90029,Los Angeles,CA,http://HillcrestSecurity.com,,company,34.095643,-118.278065
Good Time Society,3525 Glenhurst Avenue 90039,Los Angeles,CA,https://goodtimesociety.com/,,company,34.115736,-118.261882
Unruh - Boyer Architect,2311 Hyperion Avenue 90027,Los Angeles,CA,,,company,34.101572,-118.273336
MSG Sphere Studios,3401 Empire Avenue 91504,Los Angeles,CA,https://www.msgentertainment.com/msg-entertainment-opens-new-msg-sphere-studios-location-in-burbank/,https://www.msgentertainment.com/careers/,company,34.192914,-118.348268
So. California Trophy & Bronze,337 West Cerritos Avenue,Los Angeles,CA,,,company,34.124691,-118.258173
CIM Group,4700 Wilshire Boulevard Los Angeles CA 90010,Los Angeles,CA,https://www.cimgroup.com/,https://www.cimgroup.com/,company,34.061742,-118.332681
Blissy,1835 North Keystone Street,Los Angeles,CA,https://blissy.com/,,company,34.193120,-118.334307
Stealth Angel,1835 North Keystone Street,Los Angeles,CA,https://www.stealthangelsurvival.com/,https://www.stealthangelsurvival.com/pages/careers,company,34.193249,-118.334421
Deluxe Entertainment Services,,Los Angeles,CA,,,it,34.030014,-118.457670
Company 3,,Los Angeles,CA,,,it,34.089452,-118.333466
Netflix Production,,Los Angeles,CA,,,it,34.089158,-118.333448
AlphaTech Computer Repair,5254 Newcastle Avenue Encino 91316,Encino,CA,http://www.alphatech-ca.com/,,it,34.165932,-118.524186
Cloud Cover Music,,Los Angeles,CA,https://cloudcovermusic.com/,https://cloudcovermusic.com/services/brandmatch-custom-station-curation,it,33.930375,-118.396901
Lomita Business Machines,,Los Angeles,CA,http://lomitabusinessmachines.com/,,it,33.797776,-118.319769
Rejoule,2888 Gundry Avenue,Los Angeles,CA,,,company,33.809549,-118.174076
Cambrian Homecare,,Los Angeles,CA,,,company,33.989719,-118.379967
"VS America, Inc.",,Los Angeles,CA,,,company,33.989617,-118.379627
"AZ Power, Inc.",,Los Angeles,CA,,,company,33.989425,-118.379833
"WEST Builders, Inc.",,Los Angeles,CA,,,company,33.989820,-118.379689
JDJ Consulting Group,6350 Laurel Canyon Boulevard North Hollywood CA 91606,North Hollywood,CA,https://jdj-consulting.com/,https://jdj-consulting.com/careers,company,34.171026,-118.396195
Moe'z Towing,15720 Ventura Boulevard Encino CA 91436,Encino,CA,https://moeztowing.com,,company,34.155001,-118.475843
Cornerstone OnDemand,,Los Angeles,CA,https://www.cornerstoneondemand.com/contact-us/,https://www.cornerstoneondemand.com/careers/,it,34.028016,-118.472515
El Super Markets,600 Citadel Drive Commerce CA 90040,Commerce,CA,https://elsupermarkets.com/contact-us/,https://elsupermarkets.com/careers/,company,34.005658,-118.151607
Smart & Final,600 Citadel Drive Commerce CA 90040,Commerce,CA,https://www.smartandfinal.com/contact-us,https://www.smartandfinal.com/sm/pickup/rsid/522/careers,company,34.005858,-118.151237
Sidestilt Films,,Los Angeles,CA,https://www.sidestilt.com/,https://www.sidestilt.com/ourteam,company,34.145278,-118.140614
Good Company,2825 Glendale Boulevard Los Angeles CA 90039,Los Angeles,CA,https://goodco.tv/,,company,34.107940,-118.264056
Impulse Space,2651 Manhattan Beach Boulevard Redondo Beach CA 90278,Redondo Beach,CA,https://www.impulsespace.com,https://www.impulsespace.com/careers,company,33.887645,-118.363171
IONNA,20800 Madrona Avenue Torrance CA 90503,Torrance,CA,https://ionna.com/,https://www.ionna.com/careers/,company,33.841844,-118.343199
Varda,225 Aviation Boulevard El Segundo CA 90245,El Segundo,CA,https://www.varda.com,https://www.varda.com/careers,company,33.913231,-118.379302
Spike Chunsoft Inc.,5000 Airport Plaza Drive Long Beach CA 90815,Long Beach,CA,https://www.spike-chunsoft.com,https://www.spike-chunsoft.com/news/danganronpa-15th-anniversary-steam-limited-edition-bundle-pre-orders-available-now/,company,33.807411,-118.134608
Sunrider,1625 Abalone Avenue,Los Angeles,CA,https://sunrider.com,https://us.sunrider.com/join-us,company,33.832017,-118.312195
United Talent Agency,9340 Civic Center Drive Beverly Hills CA 90210,Beverly Hills,CA,,,company,34.074217,-118.397850
United Talent Agency,9328 Civic Center Drive Beverly Hills CA 90210,Beverly Hills,CA,,,company,34.075317,-118.397201
United Talent Agency,9330 N Santa Monica Blvd Beverly Hills CA 90210,Beverly Hills,CA,,,company,34.074997,-118.397064
United Talent Agency,9312 Civic Center Drive Beverly Hills CA 90210,Beverly Hills,CA,,,company,34.075672,-118.396708
United Talent Agency,9326 Civic Center Drive Beverly Hills CA 90210,Beverly Hills,CA,,,company,34.075559,-118.397006
United Talent Agency,405 Foothill Road Beverly Hills CA 90210,Beverly Hills,CA,,,company,34.075524,-118.396407
United Talent Agency,9320 Civic Center Drive Beverly Hills CA,Beverly Hills,CA,,,company,34.075432,-118.397059
United Talent Agency,,Los Angeles,CA,,,company,34.075657,-118.396941
United Talent Agency,311 Foothill Road Beverly Hills CA 90210,Beverly Hills,CA,,,company,34.073811,-118.396434
Infinity Ward,,Los Angeles,CA,https://www.infinityward.com/,https://careers.infinityward.com,it,34.174203,-118.594301
Mason Controls,13955 Balboa Boulevard Rancho Cascades CA 91342,Rancho Cascades,CA,,,company,34.322843,-118.489634
Inline Distributing Company,,Los Angeles,CA,,,company,34.319907,-118.485683
PODS Moving & Storage,,Los Angeles,CA,,,company,34.319837,-118.486591
Univision,,Los Angeles,CA,,,company,33.976389,-118.388905
Creative Artists Agency,2000 Avenue of the Stars Los Angeles CA 90067,Los Angeles,CA,,,company,34.058111,-118.414598
Sierra Investment Properties,1907 West Magnolia Boulevard,Los Angeles,CA,https://www.rentalsatsierra.com/,,company,34.174069,-118.329015
Burbank Association of Realtors,2006 West Magnolia Boulevard,Los Angeles,CA,https://www.burbankrealtors.org/,https://www.burbankrealtors.org/join-burbank-association-of-realtors-join-us-menu.html,company,34.173264,-118.330173
Gridspace,1375 East 6th Street 90021,Los Angeles,CA,https://www.gridspace.com/,https://www.gridspace.com/careers,company,34.038703,-118.233555
Gurucul Solutions LLC,222 North Pacific Coast Highway 90245,Los Angeles,CA,https://gurucul.com/,https://gurucul.com/careers/,company,33.919068,-118.395308
PS,6875 West Imperial Highway Los Angeles CA 90045,Los Angeles,CA,https://reserveps.com/,https://reserveps.com/careers,company,33.932050,-118.410749
BreakoutIQ,1250 West Glenoaks Boulevard Glendale CA 91201,Glendale,CA,https://breakoutiq.com,https://breakoutiq.com/careers/,company,34.166053,-118.283360
Kaizen Dining Group,,Los Angeles,CA,https://kaizendining.com/,https://kaizendining.com/team.htm,company,34.100402,-118.115415
"M&L Plastics, Inc",2350 Huntington Drive San Marino CA 91108,San Marino,CA,http://mlplastics.net/,,company,34.122430,-118.103665
JVC Kenwood USA HQ,4001 Worsham Avenue,Los Angeles,CA,,,company,33.831343,-118.147208
Next Perimeter,535 North Brand Boulevard Glendale CA 91203,Glendale,CA,https://nextperimeter.com/areas-served/los-angeles/,https://nextperimeter.com/company/careers/,it,34.154398,-118.255541
Scopely,3505 Hayden Avenue Culver City CA 90232,Culver City,CA,https://www.scopely.com/,https://www.scopely.com/en/join-us,company,34.026578,-118.381363
Spin Master Inc.,,Los Angeles,CA,https://www.spinmaster.com/en-US/,,company,34.023014,-118.376665
Idealab Studio,130 West Union Street Pasadena CA 91103,Pasadena,CA,https://idealabstudio.com/,https://idealabstudio.com/#team_anchor,company,34.146495,-118.153165
"Blake CS, Inc",1427 San Marino Avenue San Marino CA 91108,San Marino,CA,,,company,34.122633,-118.106887
17hats,2310 Huntington Drive San Marino CA 91108,San Marino,CA,https://www.17hats.com/,,company,34.122191,-118.104419
Filmlight Digital Film Tech,1107 El Centro Avenue 90038,Los Angeles,CA,https://www.filmlight.ltd.uk/,https://www.filmlight.ltd.uk/contacts/recruitment/overview_rt.php,company,34.091018,-118.324615
audiofrog,,Los Angeles,CA,,,company,34.096787,-118.108115
Nextainment USA Inc,1427 San Marino Avenue San Marino CA 91108,San Marino,CA,,,company,34.122726,-118.107109
Red Bull Headquarters,,Los Angeles,CA,,,company,34.030133,-118.467437
Chedraui USA,600 Citadel Drive Commerce CA 90040,Commerce,CA,https://chedrauiusa.com/,https://chedrauiusa.com/careers/,company,34.005737,-118.151398
Former Weider Publications,,Los Angeles,CA,,,company,34.182365,-118.593304
Rivian,1059 East Bedmar Street Carson CA 90746,Carson,CA,,,company,33.843754,-118.257220
Tesla Design Studio,,Los Angeles,CA,,,company,33.921415,-118.329893
"SEIHO INTERNATIONAL,INC.",120 West Colorado Boulevard Pasadena CA 91105,Pasadena,CA,https://seiho.com/,,company,34.145497,-118.153001
Commonlands LLC,401 Wilshire Boulevard Santa Monica CA 90401,Santa Monica,CA,https://www.commonlands.com/collections/m12-lenses,https://www.commonlands.com/pages/careers,company,34.019815,-118.498595
South Coast Shingle,,Los Angeles,CA,,,company,33.859619,-118.165083
The Hettema Group,67 West Valley Street Pasadena CA,Pasadena,CA,http://www.thehettemagroup.com,,company,34.142689,-118.151920
Idealab,130 West Union Street Pasadena CA,Pasadena,CA,https://www.idealab.com/Pasadena,https://www.idealab.com/Pasadena#team_anchor,company,34.146440,-118.153239
Inter-Con Security Systems,210 South de Lacey Avenue Pasadena CA,Pasadena,CA,https://icsecurity.com,https://icsecurity.com/careers/,company,34.142038,-118.151707
Globecast Americas,,Los Angeles,CA,https://www.globecast.com/,https://www.globecast.com/about-us/careers-work-for-us-jobs/,company,34.018011,-118.404252
Apple,8777 Washington Boulevard Culver City CA 90232,Culver City,CA,,,"company|Apple, Inc.",34.028776,-118.386256
Riot Games,12333 West Olympic Boulevard Los Angeles CA 90064,Los Angeles,CA,,,company,34.032806,-118.457732
CineTel Films,8255 West Sunset Boulevard West Hollywood CA 90069,West Hollywood,CA,http://cinetelfilms.com,,company,34.097326,-118.369357
"Interior Removal Specialist, Inc.",8990 Atlantic Avenue South Gate CA 90280,South Gate,CA,,,company,33.949445,-118.181001
GITAI,2255 Dominguez Way Torrance CA 90501,Torrance,CA,https://gitai.tech,https://gitai.tech/careers/,company,33.841415,-118.322670
Google Los Angeles,,Los Angeles,CA,,,it,33.995044,-118.476248
Google Los Angeles,,Los Angeles,CA,,,it,33.995501,-118.476664
Lucky Brand Headquarters,,Los Angeles,CA,,,company,34.040094,-118.229965
DirectTV,12800 Culver Boulevard Los Angeles CA 90066,Los Angeles,CA,,,company,33.983668,-118.425439
100 Thieves Cash App Compound,6050 Jefferson Boulevard,Los Angeles,CA,,,company,34.020522,-118.380836
United Talent Agency,9320 Civic Center Drive Beverly Hills CA 90210,Beverly Hills,CA,,,company,34.075451,-118.397058
StyleCAD,2009 E 25th St Los Angeles CA 90058,Los Angeles,CA,https://www.stylecad.com/,,it,34.015002,-118.236173
Montgomery Management Company,8623 West Sunset Boulevard West Hollywood CA 90069,West Hollywood,CA,,,company,34.092585,-118.380049
Alno,13984 Balboa Boulevard Rancho Cascades CA 91342,Rancho Cascades,CA,,,company,34.322086,-118.490815
MS Aerospace,13928 Balboa Boulevard Rancho Cascades CA 91342,Rancho Cascades,CA,,,company,34.322895,-118.491333
One Shot Productions,21312 Hart Street Canoga Park CA 91303,Canoga Park,CA,https://oneshotprods.com,,it,34.197219,-118.595910
Stover Seed Company,9180 San Fernando Road Los Angeles CA 91352,Los Angeles,CA,https://www.stoverseed.com/,,company,34.236577,-118.389637
TransAstra,13539 Desmond Street Los Angeles CA 91331,Los Angeles,CA,https://transastra.com,,company,34.275937,-118.427586
Kaiser Permanente,11668 Sherman Way North Hollywood CA 91605,North Hollywood,CA,,,company,34.200484,-118.385803
Skechers,228 Manhattan Beach Boulevard,Los Angeles,CA,,,company,33.884760,-118.409969
Infineon Technologies,101 Sepulveda Blvd. El Segundo CA 90245,El Segundo,CA,,,company,33.916787,-118.397379
Carbon Five,525 Colorado Avenue Santa Monica CA 90401,Santa Monica,CA,https://www.carbonfive.com/,,company,34.015186,-118.490582
Framework Security,2450 Colorado Avenue Santa Monica CA 90404,Santa Monica,CA,https://frameworksecurity.com/,https://frameworksecurity.com/careers,it,34.027658,-118.474161
Baggage Claim,,Los Angeles,CA,,,company,34.056398,-118.235609
Violet Cactus Petite,1813 West Verdugo Avenue,Los Angeles,CA,,,company,34.167481,-118.324945
TVG Consulting,217 West Alameda Avenue Burbank ca 91502,Burbank,ca,,,it,34.169238,-118.306873
Snap Inc.,63 Market Street Venice CA 90291,Venice,CA,https://www.snap.com,https://careers.snap.com/?lang=en-US,company,33.988216,-118.473291
Age of Learning,101 North Brand Boulevard Glendale CA 91203,Glendale,CA,,,company,34.146873,-118.255469
Meta LAX 2126,12126 West Waterfront Drive Los Angeles CA 90094,Los Angeles,CA,,,it|Meta,33.980643,-118.406458
Meta LAX 2105,12105 West Waterfront Drive Los Angeles CA 90094,Los Angeles,CA,,,it|Meta,33.980727,-118.407946
Relativity Space,3500 East Burnett Street Long Beach CA 90815,Long Beach,CA,https://www.relativityspace.com,https://www.relativityspace.com/careers,company,33.800476,-118.150728
NFL Media Los Angeles,,Los Angeles,CA,,,company,33.952548,-118.341114
Nike,5533 Waters Edge Way Playa Vista CA 90094,Playa Vista,CA,,,company,33.973602,-118.428994
One Universal,,Los Angeles,CA,,,company,34.139205,-118.359055
